{
  "train_loss": [
    0.30234157161188563,
    0.2702206648637285,
    0.26051697823737696,
    0.25493589695325,
    0.2502534416174716,
    0.24659296295022384,
    0.24425260479409736,
    0.24202942059726415,
    0.24068779688584133,
    0.2382327293545614,
    0.2369439943374937,
    0.23513413365813352,
    0.23364790346930367,
    0.23276502642868435,
    0.23284438683573613,
    0.23090674761232546,
    0.22977568018568026,
    0.22931894431741767,
    0.22827602887759083,
    0.22777228883324535,
    0.2173515094292411,
    0.21539775753849896,
    0.2135392393394182,
    0.21239550035739188,
    0.21205422398398027,
    0.21134122294541713,
    0.2109824608187384,
    0.21045540104559607,
    0.20935133959098998,
    0.2088879177147444
  ],
  "train_acc": [
    87.45985171399411,
    88.80162994536832,
    89.23838326229213,
    89.48940385423546,
    89.64737047487543,
    89.86424626283244,
    89.97943807408296,
    90.0818724860419,
    90.08037161553702,
    90.23195953653119,
    90.27398391066819,
    90.3486522182866,
    90.39668007444318,
    90.42819835504592,
    90.47059794680915,
    90.54001320766044,
    90.60417542174461,
    90.6428228372456,
    90.60942846851174,
    90.69797982830042,
    91.1827610013808,
    91.19139100678393,
    91.31071021192291,
    91.30845890616557,
    91.33097196373897,
    91.38200156090532,
    91.40526505373117,
    91.46605030917932,
    91.50619859518521,
    91.44728942786816
  ],
  "val_loss": [
    0.2454513394466834,
    0.2346524950439576,
    0.23313687579831108,
    0.22075136622061953,
    0.23121387717165517,
    0.23187228985592723,
    0.2288848577196896,
    0.21443175524462013,
    0.21452488004557788,
    0.22194791842725128,
    0.21145139494819568,
    0.22928796466654167,
    0.2238608370814193,
    0.21090899709108954,
    0.20876822638666256,
    0.1987150788084802,
    0.21392691399520264,
    0.20549708769357763,
    0.20600557178494985,
    0.21305317585767714,
    0.18960102289037778,
    0.19099875732548535,
    0.18895119169502986,
    0.19560840140382293,
    0.1838730418867385,
    0.18718379950074945,
    0.18608714678250254,
    0.18587470810059922,
    0.18366889879822032,
    0.1932039395701792
  ],
  "val_acc": [
    89.87089870898708,
    90.15590155901559,
    90.28890288902889,
    90.8409084090841,
    90.5309053090531,
    90.4119041190412,
    90.75990759907599,
    91.169911699117,
    91.14291142911429,
    91.0369103691037,
    91.26891268912689,
    90.44490444904449,
    90.45090450904509,
    91.2329123291233,
    91.48791487914879,
    91.7849178491785,
    91.23491234912349,
    91.55291552915529,
    91.44691446914469,
    91.34691346913469,
    92.2429224292243,
    92.19692196921969,
    92.2269222692227,
    91.95091950919509,
    92.49692496924969,
    92.38392383923839,
    92.4579245792458,
    92.36392363923639,
    92.5439254392544,
    92.1019210192102
  ]
}